{
  "id": "TR011",
  "slug": "im_comercial_de_4519m2_em_gralha_azul_fazenda_rio_grande_pr",
  "titulo": "Imóvel Comercial de 4.519,41 m² – Gralha Azul/Fazenda Rio Grande/PR",
  "tipo": "Imóvel Comercial",
  "endereco": "Gralha Azul, Fazenda Rio Grande, PR",
  "geo": {
    "lat": "-25.682965",
    "lng": "-49.294090"
  },
  "area_m2": 4519.41,
  "preco": 4500000,
  "valor_comparativo": 6000000,
  "moeda": "BRL",
  "descricao": [
"Imóvel comercial à venda com 973 m² de área construída em terreno de 4.519,41 m², localizado em região estratégica com alto fluxo e excelente visibilidade. Trata-se de um centro de materiais de construção completo, em pleno funcionamento, ideal para investidores e empreendedores que desejam adquirir um negócio consolidado e preparado para expansão.\n",
"A estrutura conta com 13 salas amplas, 6 banheiros, refeitório, área administrativa e espaços cobertos para armazenamento de materiais. A operação inclui ainda 3 caminhões de entrega, 1 máquina tipo 'pula-pula' para carga, sistema de câmeras ativo e caixa operando 100% com estoque médio avaliado em aproximadamente R$ 180.000,00.\n",
"Destaques do imóvel:\n- Terreno: 4.519,41 m²\n- Área construída: 973 m²\n- 13 salas internas\n- 6 banheiros\n- Refeitório estruturado\n- 3 caminhões de entrega incluídos\n- Máquina de carga (pula-pula)\n- Sistema de monitoramento por câmeras\n- Estoque aproximado: R$ 180 mil\n",
"Com localização estratégica e espaço disponível para ampliação, este imóvel comercial é ideal para quem busca investir no setor da construção civil, atacarejos, lojas de materiais, centros de distribuição ou estruturas comerciais de grande porte.\n",
"📞 Paulo S. Stephens – (41) 98709-8082\n",
"P-Link Imóveis"
],

  "tem3d": true
}