{
  "id": "TR037",
  "slug": "8333m2_em_fazenda_rio_grande",
  "titulo": "Terreno Industrial à Venda – 8.333 m² – Bairro Nações | Fazenda Rio Grande/PR",
  "tipo": "Terreno Industrial",
  "endereco": "Nações, Fazenda Rio Grande, PR",
  "geo": {
    "lat": "-25.674698",
    "lng": "-49.291260"
  },
  "area_m2": 8333,
  "preco": 1500000,
  "valor_comparativo": 2000000,
  "moeda": "BRL",
  "descricao": [
"Excelente oportunidade em Fazenda Rio Grande/PR: área de 8.333 m² localizada no bairro Nações, um dos setores com maior valorização e crescimento urbano da Região Metropolitana de Curitiba (RMC). O terreno possui excelente potencial para empreendimentos industriais, galpões logísticos ou loteamentos comerciais, com acesso rápido à BR-116, principal ligação entre Curitiba e o sul do país.\n",

"O bairro Nações destaca-se pela presença de novos loteamentos, infraestrutura urbana em expansão e proximidade com polos industriais, tornando-se uma das regiões mais estratégicas para quem busca investir em Fazenda Rio Grande. A cidade apresenta crescimento populacional expressivo e forte atratividade para indústrias e distribuidoras que desejam se estabelecer próximas à capital paranaense.\n",

"Com topografia favorável e ampla frente de terreno, o imóvel permite alto aproveitamento construtivo e flexibilidade de projetos, ideal para centros logísticos, condomínios empresariais ou indústrias de médio e grande porte. Trata-se de uma oportunidade rara de investimento, unindo localização privilegiada, potencial de valorização e infraestrutura consolidada.\n",

"Investimento seguro e estratégico para quem deseja posicionar-se no eixo de maior desenvolvimento da RMC.\n",

"📞 Paulo S. Stephens – (41) 98709-8082\n",
"P-Link Imóveis"

],

  "tem3d": true
}