{
  "id": "TR008",
  "slug": "terreno_comercial_de_720m2_em_fanny_curitiba_pr",
  "titulo": "Terreno Comercial de 720 m² – Fanny/Curitiba/PR",
  "tipo": "Terreno",
  "endereco": "Fanny, Curitiba, PR",
  "geo": {
    "lat": "-25.478160",
    "lng": "-49.262558"
  },
  "area_m2": 720,
  "preco": 970000,
  "valor_comparativo": 0,
  "moeda": "BRL",
  "descricao": [
"Terreno comercial à venda com 720 m² no bairro Fanny, em Curitiba/PR, localizado ao lado da Linha Verde – um dos principais eixos viários da cidade. A área possui excelente visibilidade, fácil acesso e grande fluxo de veículos, tornando-se ideal para empreendimentos comerciais de médio e grande porte.\n",
"A região conta com infraestrutura urbana completa e conexão rápida com bairros centrais e vias importantes de Curitiba. O terreno é uma excelente alternativa para instalação de concessionárias, centros automotivos, atacadistas, edifícios corporativos ou projetos mistos que buscam alto potencial de retorno.\n",
"Principais características:\n- Área total: 720 m²\n- Localização ao lado da Linha Verde (BR-476)\n- Alto fluxo de veículos e visibilidade comercial\n- Infraestrutura urbana completa\n- Terreno pronto para desenvolvimento e construção\n",
"Com valorização constante e escassez de áreas disponíveis em zonas comerciais consolidadas de Curitiba, este imóvel representa uma oportunidade estratégica para investidores e empresas que buscam localização privilegiada e potencial de crescimento.\n",
"📞 Paulo S. Stephens – (41) 98709-8082\n",
"P-Link Imóveis"
],

  "tem3d": true
}