{
  "id": "CS011",
  "slug": "casa_440m2_em_fosso_veneza_italia",
  "titulo": "Casa à Venda – 440m² – Fossò | Veneza, Itália",
  "endereco": "Fossò, Veneza, Itália",
  "geo": {
    "lat": "45.382008",
    "lng": "12.048181"
  },
  "area_m2": 440,
  "preco": 1450000,
  "valor_comparativo": 0,
  "moeda": "BRL",
  "descricao": [
"Excelente oportunidade internacional em Fossò, município da província de Veneza, na região do Vêneto – norte da Itália. Esta casa residencial de 440 m² oferece conforto, espaço e localização estratégica, sendo ideal para moradia, investimento patrimonial ou aluguel de temporada.\n",
"Localizada entre Veneza e Pádua, a propriedade está inserida em uma área tranquila, com fácil acesso a rodovias, escolas, mercados e centros urbanos. Fossò é reconhecida por sua qualidade de vida e valorização imobiliária constante, atraindo moradores locais e investidores internacionais.\n",
"A residência possui 110 m² construídos, distribuídos em dois andares, com 5 quartos amplos, 2 banheiros, sala de estar e jantar, além de garagem para 2 veículos (1 coberta e 1 descoberta). Conta ainda com varanda frontal, jardim bem cuidado e quintal espaçoso, sendo uma casa semi-mobiliada pronta para uso.\n",
"Com o forte turismo e a estabilidade econômica do norte da Itália, Fossò representa um excelente ponto de valorização para quem busca imóvel de renda, segunda residência ou investimento imobiliário de médio e longo prazo na Europa.\n",
"Imóvel regularizado e pronto para transferência.\n",
"💶 Valor: €220.000,00 (conversão automática no anúncio para referência)\n",
"📞 Paulo S. Stephens – (41) 98709-8082\n",
"P-Link Imóveis"
],

  "tem3d": true
}