{
  "id": "TR025",
  "slug": "area_399440m2_em_contenda_parana",
  "titulo": "Terreno à Venda – 399.440 m² – PR-511 | Contenda/PR",
  "tipo": "Terreno",
  "endereco": "Contenda, PR",
  "geo": {
    "lat": -25.699047,
    "lng": -49.532792
  },
  "area_m2": 399440,
  "preco": 0,
  "valor_comparativo": 0,
  "moeda": "BRL",
  "descricao": [
"Excelente oportunidade em Contenda/PR: área de 399.440 m² (quase 40 hectares), estrategicamente localizada em frente à rodovia PR-511, com acesso facilitado às principais rodovias do Sul do país, incluindo BR-476 e BR-116. Trata-se de um ativo de alto potencial para empreendimentos de grande porte, centros logísticos, condomínios industriais ou expansão de atividades agrícolas e comerciais.\n",

"A topografia ampla, plana e bem distribuída proporciona excelente aproveitamento construtivo, favorecendo desde operações industriais até projetos de armazenamento e distribuição. O município de Contenda está posicionado entre importantes polos como Curitiba, Araucária e Lapa, compondo um dos eixos logísticos mais promissores da Região Metropolitana de Curitiba (RMC).\n",

"Além disso, a região apresenta crescimento industrial constante, com presença de transportadoras, indústrias e novos loteamentos. O investimento em Contenda vem sendo impulsionado pela expansão da malha viária e pela proximidade com grandes centros consumidores e fornecedores, tornando o terreno um ativo estratégico e versátil.\n",

"Uma oportunidade rara para investidores e empresas que buscam grandes áreas com infraestrutura e excelente posicionamento no eixo Sul do Paraná.\n",

"📞 Paulo S. Stephens – (41) 98709-8082\n",
"P-Link Imóveis"
],

  "tem3d": true
}