{
  "id": "TR007",
  "slug": "fazenda_de_200_hectares_em_itaituba_pa",
  "titulo": "Fazenda à Venda – 200 Hectares – Itaituba/PA",
  "tipo": "Fazenda",
  "endereco": "Itaituba, PA",
  "geo": {
    "lat": "",
    "lng": ""
  },
  "area_m2": 2000000,
  "preco": 3500000,
  "valor_comparativo": 0,
  "moeda": "BRL",
  "descricao": [
"Propriedade rural à venda com 2.000.000 m² (200 hectares) em Itaituba/PA, localizada a apenas 10 minutos do distrito de Miritituba — um dos maiores polos logísticos e agroindustriais da Amazônia. Com acesso totalmente asfaltado até a entrada do terreno, esta área é ideal para agricultura, pecuária, reflorestamento ou projetos sustentáveis.\n",
"A fazenda conta com aproximadamente 1.000 metros de frente por 2.000 metros de fundo, parte já formada em capim, além de um riacho natural que corta a propriedade, favorecendo o abastecimento de água para criação de animais e irrigação.\n",
"Principais características:\n- Área total: 200 hectares (2.000.000 m²)\n- Frente de 1.000 m e profundidade de 2.000 m\n- Formação de pastagem em parte do terreno\n- Riacho natural dentro da propriedade\n- Estrada asfaltada até a entrada\n- Documentação regularizada, pronta para transferência\n",
"A poucos minutos de Miritituba, região que concentra terminais portuários, grandes transportadoras e indústrias do agronegócio, esta propriedade se destaca pelo alto potencial de valorização e facilidade logística para escoamento de produção.\n",
"Uma excelente oportunidade para investidores que desejam atuar no setor rural amazônico com segurança jurídica, acesso estratégico e viabilidade produtiva.\n",
"📞 Paulo S. Stephens – (41) 98709-8082\n",
"P-Link Imóveis"
],

  "tem3d": true
}