{
  "id": "TR036",
  "slug": "chacara_de_4500m2_em_vera_cruz_rs",
  "titulo": "Chácara do Dianho à Venda – 4.500 m² – Vera Cruz/RS",
  "tipo": "Chácara",
  "endereco": "Vera Cruz, RS",
  "geo": {
    "lat": "",
    "lng": ""
  },
  "area_m2": 4500,
  "preco": 1500000,
  "valor_comparativo": 0,
  "moeda": "BRL",
  "descricao": [
"Chácara à venda com 4.500 m² em Vera Cruz/RS, ideal para quem busca tranquilidade, natureza e praticidade com fácil acesso à cidade. Localizada no bairro Vera Cruz, uma das regiões mais valorizadas do município, esta propriedade oferece excelente oportunidade para moradia, lazer, turismo rural ou investimento com potencial de valorização.\n",
"A área total possui aproximadamente 4.500 m² (0,45 hectare), com terreno majoritariamente plano e aproveitável. Conta com cerca de 270 m² de área construída, distribuída entre casa principal e dois barracões, permitindo múltiplos usos, desde residência familiar até estrutura para pousada, glamping, eventos rurais ou produção agroecológica.\n",
"O imóvel possui acesso facilitado por vias principais e está próximo a escolas, comércios e serviços essenciais, garantindo conforto sem abrir mão do contato com a natureza. A região é atendida por transporte urbano, internet, energia elétrica e demais utilidades, favorecendo projetos residenciais ou comerciais.\n",
"Vera Cruz é reconhecida pelo ambiente acolhedor, segurança e constante expansão imobiliária. A combinação de clima rural, proximidade com centros urbanos e custo acessível torna esta chácara uma excelente opção para habitação, turismo ou como investimento de médio e longo prazo.\n",
"Imóvel documentado, com possibilidade de financiamento e disponível para visitação.\n",
"📞 Paulo S. Stephens – (41) 98709-8082\n",
"P-Link Imóveis"
],

  "tem3d": true
}