{
  "id": "TR001",
  "slug": "174240m2_em_fazenda_rio_grande",
  "titulo": "Terreno à Venda – 174.240 m² – Passo Amarelo | Fazenda Rio Grande/PR",
  "tipo": "Terreno Industrial/Agrícola",
  "endereco": "Passo Amarelo, Fazenda Rio Grande, PR",
  "geo": {
    "lat": "25°42'12.42\"S",
    "lng": "49°16'49.95\"O"
  },
  "area_m2": 174240,
  "preco": 0,
  "valor_comparativo": 0,
  "moeda": "BRL",
  "descricao": [
"Terreno industrial/agrícola de 174.240 m² no Passo Amarelo, em Fazenda Rio Grande/PR, com perfil ideal para condomínios logísticos, operações industriais ou projetos agroindustriais. Localização estratégica no eixo sul da RMC, com acesso facilitado à BR-116, principal corredor rodoviário que conecta Curitiba ao Sul do país.\n",
"Fazenda Rio Grande vive ciclo de expansão urbana e industrial, com população estimada em 165.943 habitantes (2025) e forte demanda por áreas de escala. Investimentos públicos recentes — como os novos viadutos na BR-116 e o Corredor Metropolitano (PR-423 → BR-116/BR-476) — tendem a desafogar o tráfego e agilizar o escoamento de cargas na região.\n",
"A topografia ampla favorece alto aproveitamento e flexibilidade de implantação (galpões, pátios, CD, agroindústria). Passo Amarelo é uma das áreas tradicionais do município, com vocação para usos produtivos e proximidade de polos industriais e fornecedores na Grande Curitiba.\n",
"Ativo versátil para investidores e operadores que buscam escala, logística e valorização no entorno imediato de Curitiba.\n",
"📞 Paulo S. Stephens – (41) 98709-8082\n",
"P-Link Imóveis"
],

  "tem3d": true
}