{
  "id": "TR003",
  "slug": "area_100_hectares_em_fazenda_rio_grande",
  "titulo": "Terreno Industrial/Agrícola à Venda – 100 Hectares – Fazenda Rio Grande/PR",
  "tipo": "Terreno",
  "endereco": "Campo Largo da Roseira, Fazenda Rio Grande, PR",
  "geo": {
    "lat": -25.665121,
    "lng": -49.185369
  },
  "area_m2": 1046650,
  "preco": -1,
  "valor_comparativo": 0,
  "moeda": "BRL",
  "descricao": [
"Excelente oportunidade para grandes projetos logísticos, industriais ou agrícolas na Região Metropolitana de Curitiba. Este terreno de 1.046.650 m², localizado no bairro Campo Largo da Roseira, em São José dos Pinhais/PR, oferece ampla área predominantemente plana, ideal para implantação de indústrias, centros logísticos ou cultivos de grande porte.\n",
"Com localização estratégica e infraestrutura consolidada, a propriedade está a poucos minutos das principais rodovias e polos industriais da região, incluindo o complexo automotivo Volkswagen/Audi e a subestação da Copel, o que proporciona segurança energética e vantagem operacional para empresas de médio e grande porte.\n",
"Entre seus principais diferenciais estão:\n",
"- Área total: 1.046.650 m²\n- Topografia: Plana e de fácil aproveitamento\n- Valor por m²: R$ 250,00\n- Localização: Próxima às principais metrópoles do Paraná\n- Infraestrutura: Energia elétrica, vias pavimentadas e acesso facilitado\n",
"A combinação entre localização estratégica, grande extensão de terra e infraestrutura energética próxima torna este ativo uma opção única para investidores e empresários que buscam expansão operacional com alto potencial de valorização na RMC.\n",
"📞 Paulo S. Stephens – (41) 98709-8082\n",
"P-Link Imóveis"
],

  "tem3d": true
}