{
  "id": "TR005",
  "slug": "ilha_panek_em_governador_celso_ramos_sc",
  "titulo": "Ilha à Venda – 4.447,97 m² – Governador Celso Ramos/SC",
  "tipo": "Ilha",
  "endereco": "Governador Celso Ramos, SC",
  "geo": {
    "lat": "-27.406458",
    "lng": "-48.558170"
  },
  "area_m2": 4447.97,
  "preco": 0,
  "valor_comparativo": 0,
  "moeda": "BRL",
  "descricao": [
"Ilha Panek à venda – 4.447,97 m² em Governador Celso Ramos/SC. Uma propriedade exclusiva no litoral catarinense, sob concessão federal desde a década de 1980, que une privacidade, natureza preservada e infraestrutura completa para uso residencial de alto padrão ou investimento turístico.\n",
"Com vista panorâmica de 270° para o mar e mata nativa, a casa principal possui 270 m² distribuídos em quatro níveis, construída em madeira de lei com isolamento térmico e acústico. O interior conta com sala de estar ampla, sala de jantar mobiliada em madeira nobre, cozinha estilo industrial com pedra natural incorporada, espaço gourmet com churrasqueira, forno a lenha e acesso ao deck externo. São 4 suítes, todas com sacadas e vista para o mar.\n",
"A propriedade inclui ainda uma casa de apoio de 48 m² com cozinha funcional, sala de estar, dormitório, sala de estudos e torre de caixa d’água com reservatório de 2.000 litros.\n",
"Infraestrutura e comodidades da ilha:\n- Sistema fotovoltaico em instalação e gerador PERKINS com autonomia de até 3 dias\n- Captação de água da chuva com cisternas de até 28.000 litros e tratamento adequado\n- Piscina natural formada pela maré alta\n- Prainha privativa e píer para embarcações de pequeno e médio porte\n- Caminhos internos pavimentados em pedra natural\n",
"Uma das raras ilhas particulares do Brasil com documentação regular, infraestrutura estabelecida e acesso ao mar aberto, ideal para projetos de moradia exclusiva, turismo de luxo, retiros ecológicos ou investimentos de alto padrão.\n",
"Valor sob consulta\n",
"📞 Paulo S. Stephens – (41) 98709-8082\n",
"P-Link Imóveis"
],

  "tem3d": true
}