{
  "id": "TR006",
  "slug": "im_comercial_de_129_36m2_em_guaratuba_pr",
  "titulo": "Lanchonete Beira-Mar à Venda – 129,36 m² – Guaratuba/PR",
  "tipo": "Imóvel Comercial",
  "endereco": "Guaratuba, PR",
  "geo": {
    "lat": "-25.8629139",
    "lng": "-48.5662738"
  },
  "area_m2": 129.36,
  "preco": 1100000,
  "valor_comparativo": 0,
  "moeda": "BRL",
  "descricao": [
"Lanchonete beira-mar à venda em Guaratuba/PR, com 129,36 m² de área total, localizada em ponto estratégico da orla e próximo ao futuro acesso da ponte Guaratuba–Matinhos. Um imóvel comercial com grande potencial de valorização, ideal para empreendedores do setor gastronômico e turístico.\n",
"Com vista direta para o mar e posicionamento privilegiado, a propriedade está inserida em uma das regiões mais promissoras do litoral do Paraná, que passa por forte expansão urbana e turística. A futura ponte ligando Guaratuba a Matinhos deve impulsionar ainda mais o fluxo de visitantes e valor imobiliário na área.\n",
"Principais características:\n- Terreno com 129,36 m²\n- Localização frente ao mar\n- Próximo à futura ponte Guaratuba–Matinhos\n- Ambiente ideal para lanchonete, cafeteria, sorveteria ou comércio voltado ao turismo\n- Região em crescimento acelerado e alto fluxo de moradores e visitantes\n",
"Com valor de R$ 1.100.000,00, esta é uma oportunidade de investimento estratégico para quem busca empreender em uma das áreas mais valorizadas do litoral paranaense, unindo visibilidade, turismo e potencial de expansão.\n",
"📞 Paulo S. Stephens – (41) 98709-8082\n",
"P-Link Imóveis"
],

  "tem3d": true
}