{
  "id": "TR004",
  "slug": "fazenda_de_246_hectares_em_barra_do_turvo_sp",
  "titulo": "Fazenda à Venda – 246 Hectares – Barra do Turvo/SP",
  "tipo": "Fazenda",
  "endereco": "Barra do Turvo, SP",
  "geo": {
    "lat": "",
    "lng": ""
  },
  "area_m2": 2468400,
  "preco": 5500000,
  "valor_comparativo": 0,
  "moeda": "BRL",
  "descricao": [
"Fazenda produtiva à venda com 246 hectares (aprox. 2.468.400 m²) em Barra do Turvo/SP, localizada a apenas 7 km do centro da cidade, com acesso facilitado por estrada de boa qualidade. Ideal para quem busca investimento seguro no agronegócio, pecuária leiteira ou diversificação de atividades rurais.\n",
"Com cerca de 70% da área formada em pastagem, a propriedade possui estrutura completa para leiteria, atualmente utilizada para criação de búfalos. São 130 animais, sendo 64 em produção de ordenha, o que permite continuidade imediata das operações ou expansão do rebanho de forma estratégica.\n",
"Destaques do imóvel:\n- Área total: 246 hectares (≈ 2.468.400 m²)\n- Pastagens formadas: 70% da área\n- Estrutura de leiteria funcionando\n- Rebanho de búfalos: 130 cabeças (64 em lactação)\n- Localização: 7 km do centro de Barra do Turvo/SP, com acesso fácil\n",
"A fazenda está localizada em região de tradição agropecuária, com clima favorável, acesso logístico eficiente e potencial para produção de leite, corte, integração lavoura-pecuária ou investimentos em turismo rural.\n",
"Oportunidade ideal para investidores que buscam uma propriedade rural produtiva, estruturada e com possibilidade de expansão imediata.\n",
"📞 Paulo S. Stephens – (41) 98709-8082\n",
"P-Link Imóveis"
],

  "tem3d": true
}