{
  "id": "TR044",
  "slug": "area_de_9771m2_fazenda_rio_grande",
  "titulo": "Terreno à Venda – 9.771 m² – Bairro Iguaçu | Fazenda Rio Grande/PR",
  "tipo": "Terreno",
  "endereco": "Iguaçu, Fazenda Rio Grande, PR",
  "geo": {
    "lat": "-25.636327",
    "lng": "-49.324256"
  },
  "area_m2": 9771,
  "preco": 3500000,
  "valor_comparativo": 5500000,
  "moeda": "BRL",
  "descricao": [
"Excelente oportunidade em Fazenda Rio Grande/PR: terreno de 9.771 m² localizado no bairro Iguaçu, uma das regiões com maior crescimento urbano e valorização da cidade. O imóvel está inserido em área estratégica próxima à BR-116 e ao futuro corredor metropolitano, facilitando o acesso a Curitiba, Araucária e demais municípios da Região Metropolitana de Curitiba (RMC).\n",

"Com documentação escriturada e apto para loteamento, o terreno oferece duas modalidades de compra: R$ 5.500.000,00 com regularização completa, ou R$ 3.500.000,00 assumindo o processo documental. A região tem apresentado forte demanda por empreendimentos residenciais e comerciais, impulsionada pela expansão industrial e pelo aumento populacional contínuo de Fazenda Rio Grande.\n",

"Apresentando valor por m² abaixo da média de mercado — em locais onde áreas similares ultrapassam R$ 1.000/m² — este imóvel destaca-se como ativo de alta margem de valorização e potencial de desenvolvimento. Ideal para incorporadoras, investidores e construtoras que buscam escala e retorno em localização privilegiada.\n",

"Uma oportunidade rara em escala, localização e valor, no eixo de maior crescimento da RMC.\n",

"📞 Paulo S. Stephens – (41) 98709-8082\n",
"P-Link Imóveis"
],

  "tem3d": true
}